dataset,rmse,mae,mape
BUS_NYC,147961.86973289508,94761.14079506803,14.360224841131691
METRO_NYC,442671.5605547017,333381.1836842105,10.86429706650827
