precision_at_k,recall_at_k
0.0016501650165016502,0.00825082508250825
