destination_id,name,state,type,popularity,best_time_to_visit,final_score
72,Goa Beaches,Goa,Beach,9.49812898326928,Nov-Mar,2.0441736381597204
172,Goa Beaches,Goa,Beach,9.486279939461564,Nov-Mar,2.0418038293981775
177,Goa Beaches,Goa,Beach,9.446896779006565,Nov-Mar,2.0339271973071775
837,Goa Beaches,Goa,Beach,9.49270628520052,Nov-Mar,2.0430890985459684
987,Goa Beaches,Goa,Beach,9.499811031053753,Nov-Mar,2.0445100477166154
